date,tv_spend,search_spend,social_spend,display_spend,email_spend,promo,price_index,competitor_index,seasonality,holiday_boost,sales
2022-01-03,66096.04292632875,15507.92664325821,8322.378875514514,17546.868284836037,5266.551501399881,0,1.0248357076505616,0.8449336568933867,1.0,0.1,12094.170716630375
2022-01-10,83893.43294482415,26177.381233882676,19340.890766642657,18318.621350105637,4411.197024307943,1,0.9930867849414408,1.0068562974806028,1.0241073360510646,0.1,13952.137351580897
2022-01-17,40675.45333983929,19982.70489204604,16391.678826095955,15948.616509811276,7570.296776508945,0,1.0323844269050346,0.8937696286273895,1.0478631328575116,0.1,12703.887009199025
2022-01-24,77896.63854480155,37098.9648220562,22653.37442250301,13435.704855250757,7330.0921802988305,0,1.0761514928204012,1.0473592430635181,1.0709209774085071,0.0,10940.05355264793
2022-01-31,92671.15504697573,33377.33054508975,17921.368431600138,22659.005671211948,5839.68567189656,0,0.9882923312638332,0.9080575765766197,1.0929446344087537,0.0,12225.626039955065
2022-02-07,79983.57712423555,22959.103005402838,13551.42545637884,12177.655302043464,5206.957525958838,0,0.988293152152541,1.154993440501754,1.1136129493462312,0.0,11737.907191837772
2022-02-14,124340.3470409356,13348.852668846075,13277.933612148789,9102.861614276475,4250.883231823356,0,1.0789606407753696,0.9216746707663763,1.1326245316481591,0.0,12960.828676003082
2022-02-21,78402.0568125516,24854.836556526607,18350.932763909663,7172.342157194222,4274.55655646956,0,1.0383717364576455,0.9677938483794324,1.1497021496342201,0.0,11754.104900637494
2022-02-28,92099.65755325354,14122.319507810551,17141.38711378535,7838.971700827796,4894.751432812029,1,0.9765262807032524,1.081351721736967,1.1645967731787312,0.0,14922.814004911694
2022-03-07,98420.7859771645,18708.951618383995,10280.236392682946,8627.992502765806,3922.7721620991074,0,1.0271280021792983,0.8769135683566045,1.177091205130642,0.0,12547.61223933557
2022-03-14,114881.55250080764,4086.1907132437336,14395.77685784536,10279.01397935929,7644.427328698879,0,0.9768291153593769,1.0227459934604128,1.187003248537083,0.0,12167.217520839531
2022-03-21,67756.53117318379,10419.253958081877,3565.816387242725,13298.349437741184,6725.745093117765,1,0.9767135123214872,1.1307142754282429,1.1941883634852104,0.0,14132.821353352638
2022-03-28,102233.76956807554,16308.433122240769,8964.72694637382,16657.02277082777,5407.3682557930615,0,1.0120981135783018,0.8392516765438772,1.1985417748196108,0.0,12548.705373249442
2022-04-04,80153.49591529381,20234.902968823713,4181.530143179966,15125.008268074473,1670.6635738964403,0,0.9043359877671101,1.0184633858532304,1.2,0.0,12884.972904992845
2022-04-11,60491.056948529585,21467.458018953927,7021.6758206609875,12800.388913430874,1378.4151893876065,1,0.9137541083743483,1.0259882794248423,1.1985417748196108,0.0,14804.243533466259
2022-04-18,77637.0886730737,29698.12058888674,11147.42082338631,12319.290683075693,5165.515717626258,0,0.9718856235379514,1.0781822871777311,1.1941883634852104,0.0,12250.095548677713
2022-04-25,69723.44226878615,22603.568845871458,9390.896541741273,8296.142086275071,4940.667269215017,0,0.9493584439832788,0.8763049289121918,1.187003248537083,0.0,12588.594449748032
2022-05-02,54537.06952474495,26768.23251637685,13461.777823080696,11756.696384272298,7436.464608432032,0,1.0157123666297636,0.8679543386915723,1.177091205130642,0.0,13534.731749081931
2022-05-09,62346.70642114199,25906.45942448586,21192.621233980677,0.0,7042.477564195692,1,0.9545987962239395,1.0521941565616897,1.1645967731787312,0.0,14954.335230372828
2022-05-16,54366.11856511253,24486.719484594214,16734.606383786744,12335.59429430502,6458.847771616715,0,0.9293848149332354,1.0296984673233187,1.1497021496342203,0.0,12343.896222150746
2022-05-23,61848.58269680765,21643.549076143983,23713.748196390938,15738.255577492886,6407.425708963998,0,1.0732824384460777,1.0250492850345876,1.1326245316481591,0.0,11886.718531721135
2022-05-30,71231.6352641074,9071.808274884293,16455.577639139734,8718.755564237916,2811.7193453008435,0,0.9887111849756732,1.0346448209496977,1.1136129493462312,0.0,11765.988482120345
2022-06-06,87330.57492430715,4849.299204838577,22890.17057069805,15727.219799234721,3144.181165411475,0,1.0033764102343963,0.931997527842151,1.092944634408754,0.0,11845.767622132447
2022-06-13,48170.314352781366,18446.713116708113,25554.377846313044,15640.959983488392,2892.373504569339,1,0.9287625906893272,1.0232253697161005,1.0709209774085071,0.0,12479.552615125753
2022-06-20,102701.03717896863,15077.699132748709,8272.01497675498,10716.391177308904,4348.2556588515245,0,0.9727808637737408,1.0293072473298681,1.0478631328575116,0.0,10898.100735865619
2022-06-27,45932.36972141132,12539.781940867084,12914.916085017514,9666.549937227377,5950.455377170137,1,1.0055461294854933,0.9285648581973632,1.0241073360510646,0.0,11602.204833375628
2022-07-04,77723.22357446626,27755.759877612625,16205.791401822733,5729.346202140152,7333.200657450569,1,0.9424503211288848,1.1865774511144758,0.9999999999999999,0.0,12224.968190642909
2022-07-11,93611.0713830198,24296.158547814433,11029.225478563896,12501.528748795101,5696.090629877881,0,1.0187849009172836,1.0473832920911788,0.9758926639489355,0.0,10562.983448721483
2022-07-18,93509.34145690085,32480.356847468378,11696.480129803802,10051.752597966615,6883.634188360283,0,0.9699680655040598,0.8808696502797351,0.9521368671424885,0.0,9856.017692567031
2022-07-25,83921.960367507,28279.263399834977,6813.1053940998045,12875.739023520107,2243.875484297649,0,0.9854153125103362,1.065655360863383,0.9290790225914929,0.0,10539.975545600379
2022-08-01,93337.84356251398,37783.86956589326,9371.954092121392,14165.016192129702,2719.692533757962,0,0.9699146693885301,0.9025318329772678,0.9070553655912463,0.0,8994.174453704656
2022-08-08,91305.3108338258,34081.68547814239,9006.311310301306,11551.770947810674,2926.18985021564,0,1.092613909225447,1.0787084603742452,0.8863870506537689,0.0,8519.245356118383
2022-08-15,91013.7061277979,20669.704571905106,15628.954384759885,15181.721782636447,7170.466826530597,0,0.9993251387631032,1.1158595579007404,0.867375468351841,0.0,9191.038566926938
2022-08-22,112598.20893727645,22943.329440471316,13850.233376081938,18223.406265159523,6709.045727140457,0,0.947114453552205,0.9179317681648289,0.8502978503657798,0.0,9534.99596789831
2022-08-29,104055.557143184,17921.89848199938,16350.410648300805,11272.542834786533,8547.766809202953,0,1.0411272456051595,1.0963376129244322,0.8354032268212687,0.0,9577.767101948073
2022-09-05,86066.03338896332,19363.027846178433,15519.94213263304,14138.995290517167,4185.873002817641,0,0.9389578175014489,1.0412780926936498,0.8229087948693581,0.0,8440.332926094268
2022-09-12,106756.45129631468,7233.711704315045,17091.748965589366,8340.097544063232,5400.5753988038905,0,1.0104431797502378,1.082206015999449,0.8129967514629171,0.0,9056.94738367799
2022-09-19,93903.95625402452,16846.386372842946,18640.74699685189,6120.254995875441,4920.232631062061,0,0.9020164938060112,1.1896792982653948,0.8058116365147896,0.0,8420.826921161975
2022-09-26,96979.24506833559,21574.337057897777,22552.213627283396,9377.597323134705,3123.4259839131364,0,0.9335906975550785,0.975461188399713,0.8014582251803892,0.0,8386.35801074527
2022-10-03,89444.43262885419,11206.30256788442,19087.015935755862,10393.86367299575,5184.007000224929,0,1.0098430617934562,0.924626383564251,0.8,0.0,8890.194659937224
2022-10-10,62778.76155041775,17801.492813021276,20947.20279126709,10917.101502542755,4224.067324849439,1,1.0369233289997706,0.9110485570374477,0.8014582251803892,0.0,10053.585560482403
2022-10-17,62302.82095617011,16387.71003834874,26460.196171845902,18416.915671555093,8528.23472265146,0,1.0085684140594986,0.9184189715034562,0.8058116365147895,0.0,7726.94062125792
2022-10-24,77946.95091203302,26594.63682056164,19586.995920626192,13512.092598676076,10448.347185428876,0,0.994217585880588,0.9922898290585895,0.8129967514629171,0.0,9304.547767594657
2022-10-31,72695.87666362885,31067.84122046314,12593.40876442922,18603.089402308564,5869.95572171361,0,0.9849448152205356,1.0341151974816645,0.822908794869358,0.0,9345.706682760301
2022-11-07,60986.15123682949,32816.76652640653,16646.262711391664,16718.230035367535,4331.746217898853,0,0.9260739004816286,1.027669079933002,0.8354032268212686,0.0,8500.962072109758
2022-11-14,61905.73326767066,22284.999216399334,8579.595144232362,11071.360682058035,5765.863153303457,0,0.9640077895802646,1.0827183249036023,0.8502978503657798,0.0,9127.01531723704
2022-11-21,79310.79595486529,26228.55241355601,1076.5480002516724,10039.472805263993,5369.358218596069,0,0.9769680614520106,1.0013001891877906,0.8673754683518409,0.0,9385.555394254676
2022-11-28,52426.10431375425,7794.511442999186,4993.2496985601765,3491.3766893683187,2801.496396897004,0,1.0528561113109458,1.1453534077157317,0.8863870506537688,0.0,9364.567797970225
2022-12-05,71746.78339967744,4002.957861740908,2145.852567766202,10016.798476144933,4369.719774356211,0,1.017180914478423,0.9735343166762044,0.9070553655912463,0.0,9271.58781266877
2022-12-12,63704.65704867567,11780.590512732473,9551.772201955411,8506.36732920865,5991.536649082328,0,0.9118479922318633,1.2720169166589619,0.9290790225914928,0.0,9347.696365708485
2022-12-19,67440.31851071632,15336.456317547285,12906.22351963529,10431.830938442876,4983.324233448584,0,1.0162041984697399,1.0625667347765007,0.9521368671424885,0.1,10966.293677839325
2022-12-26,91695.33949405668,16118.740883179371,21705.74924910113,18085.953938973013,5036.235642646801,0,0.9807458859791842,0.9142842443583717,0.9758926639489353,0.1,11944.723329474333
2023-01-02,92381.24523482048,9662.78949980064,18475.159492179577,14642.251509847489,3493.788849871895,0,0.966153899984702,0.8929107501938888,1.0000000000000002,0.1,11929.781173197289
2023-01-09,96988.95782576074,23272.18517878621,18165.771746643888,12529.898692385088,2434.090089970713,0,1.0305838144420434,1.0482472415243185,1.0241073360510646,0.1,11625.381331353776
2023-01-16,108876.64554819028,20061.523424624975,23688.602072864327,10269.03874089066,2947.9726689198283,0,1.0515499761247975,0.9776537214674149,1.0478631328575114,0.1,12501.606857902882
2023-01-23,93577.51078930729,31290.033736934623,12129.863821738667,13818.029854036908,3937.1085364316873,0,1.04656400595581,1.0714000494092093,1.0709209774085071,0.0,9783.710936759902
2023-01-30,106688.97188729756,29313.121171967567,21713.412091471182,5219.785681048792,7325.750739221112,0,0.958039123838868,1.0473237624573546,1.0929446344087537,0.0,12076.455702285166
2023-02-06,94046.32350480645,20605.582334289593,22871.56413922932,12509.099964477333,4916.682501264902,1,0.9845393812074392,0.9927171087343127,1.113612949346231,0.0,12627.209752413324
2023-02-13,104716.6727692877,19345.190727616995,12244.247994144773,998.9291948730634,8476.483597714876,0,1.0165631715701782,0.9153206281931595,1.1326245316481591,0.0,11782.27063186552
2023-02-20,97902.03166644582,12789.407076254796,20677.51327972715,14150.44284340773,6093.230296034836,0,1.048777256356118,0.8485152775314135,1.1497021496342201,0.0,11606.540612337407
2023-02-27,100155.26432859909,14381.623247707805,15251.488523078253,12633.052401607849,4925.8044355213615,0,0.9760412881077355,0.9553485047932979,1.1645967731787312,0.0,11652.880052313829
2023-03-06,105387.03269942683,17295.581661022872,10180.255367132662,14648.786925851196,4598.015675876812,0,0.9907170511668092,1.0856398794323472,1.177091205130642,0.0,12922.788502633506
2023-03-13,80989.14291631382,7129.698775537849,12743.024100743707,15120.525321048917,1315.916967656552,0,0.9446832512996985,1.0214093744130204,1.187003248537083,0.0,12275.830530934301
2023-03-20,120680.27257615728,15936.361650439969,18311.81757218067,17952.69092453198,4159.4010569029815,0,0.9401896687959664,0.8754261221288012,1.1941883634852104,0.0,12856.98284800818
2023-03-27,69696.05256325565,13630.92653178763,9753.059962463773,14826.022154187825,5249.67831231958,0,1.04062629111971,1.0173180925851182,1.1985417748196108,0.0,12556.546044641538
2023-04-03,61787.17080818403,16035.635838688268,10621.902597070968,15309.90564604959,7152.890458385312,0,1.067812001428541,1.0385317379728838,1.2,0.0,12805.1628931302
2023-04-10,92585.34981674986,23182.63357657736,9120.382539959684,9403.75668452376,7433.752965861727,0,0.9963994939209833,0.9116142563798867,1.1985417748196108,0.0,12712.871996945414
2023-04-17,82580.47696856866,21407.659315052388,9433.172525017915,7695.622702909872,10097.16377223944,0,1.0501766448946013,1.0153725105945528,1.1941883634852104,0.0,11889.955827152631
2023-04-24,76099.34409096642,25173.42446604852,18321.343266176977,6153.880781882662,4043.3900236230234,0,1.0180818012523818,1.0058208718446,1.187003248537083,0.0,12977.706376949054
2023-05-01,72965.50532109108,21490.740478539083,13743.114693487436,8890.23686737444,2789.29100512418,0,0.9677440122697438,0.8857029702169377,1.1770912051306421,0.0,12231.23321001468
2023-05-08,61115.973553587995,35128.60693050834,19328.4388107569,12923.405306676168,2065.2892103628537,1,1.0180697802754206,1.0357787360348283,1.1645967731787314,0.0,13280.44357628479
2023-05-15,46687.006945751455,22090.843074159107,18460.349961069907,9808.421083492496,2752.5707588865234,1,1.0769018283232985,1.0560784526368234,1.1497021496342201,0.0,13611.529595298127
2023-05-22,61282.890890944815,14586.847145736627,22890.324360755774,12710.726315158628,4043.9193090402186,0,0.9982086980445024,1.1083051243175277,1.1326245316481591,0.0,12608.369932390373
2023-05-29,51142.24947361001,15764.918287744777,22105.602280184714,18985.07486354392,8197.738359034416,0,1.0782321827907002,1.1053802052034902,1.1136129493462312,0.0,12043.991178534005
2023-06-05,78167.11868339314,11958.229810062532,23938.263140713036,15451.522575846198,9130.756371984782,0,0.8690127447955127,0.8622330632042909,1.0929446344087537,0.0,11483.924779435096
2023-06-12,64531.686112652,10953.481009549452,16118.527381845151,11448.04999094199,5558.094121748884,0,1.0410951252187612,0.9062174960084877,1.0709209774085071,0.0,11128.614753168025
2023-06-19,58323.07860723692,16486.962573067856,15022.99736572595,9116.375537733822,3751.4666403436686,1,1.0043523534119085,1.0515035267208659,1.0478631328575116,0.0,12486.557047258617
2023-06-26,70392.89908945395,20069.753173886384,9982.448029971347,8287.462534609242,4292.9097722065135,1,0.9850496324767066,1.051378595091221,1.0241073360510646,0.0,13410.231747987691
2023-07-03,86193.97181413435,17347.49426194735,10064.233982431424,5625.438377596145,2171.6654335785433,0,1.0045880388267752,1.0515047686306047,1.0,0.0,10683.847330574088
2023-07-10,76330.44499369158,20838.694173126773,11721.098608497967,6726.159562330704,4535.184164260171,0,0.9006215542699554,1.3852731490654722,0.9758926639489353,0.0,10335.036318489072
2023-07-17,76961.1575073789,25208.612441391037,12257.00060754449,12587.535765293036,5304.384531276945,0,0.9890164056081244,1.0570890510693167,0.9521368671424884,0.0,10513.801469368265
2023-07-24,96917.76133719459,16432.065169106507,5336.93364551929,12003.807928617247,4140.597389877241,0,1.0178556285755873,1.1135565640180598,0.9290790225914929,0.0,9833.598743554321
2023-07-31,100134.17588450394,19904.174630490565,13107.443932292254,17980.040848619166,9321.257801995092,1,1.0738947022370757,1.0954001763493202,0.9070553655912464,0.0,10761.230140838477
2023-08-07,91096.17722314135,32139.352603148975,16380.377573340465,11647.531768762245,9108.030072016372,0,0.9740864890863177,1.0651391251305797,0.8863870506537688,0.0,9215.54616826817
2023-08-14,92788.60289768623,30139.363881806887,14486.289615771884,18026.393173439305,4080.8169642734188,0,0.9595753198553406,0.9684730755359654,0.867375468351841,0.0,9127.693240001898
2023-08-21,103334.92654232563,16840.29448791767,22507.183250232258,13417.792447239122,3004.234097722931,0,0.9749121478207732,1.0758969220493269,0.8502978503657799,0.0,8908.539283068356
2023-08-28,76979.05973124845,17577.8035493525,14072.293200708613,9829.16294147927,3428.7980860873577,0,1.0457701058851037,0.9227174785462429,0.8354032268212688,0.0,9171.339229360166
2023-09-04,75347.72070222485,14076.120831234382,14063.55504863366,10192.79037036078,4087.4716226074324,0,1.0164375554829843,0.9763181393259991,0.8229087948693582,0.0,8690.43368295158
2023-09-11,82485.78984602944,27452.733049491748,13256.098752513237,12241.140751911948,5987.816409009226,1,0.9735119898116481,0.9514636452170897,0.8129967514629172,0.0,10244.66952703468
2023-09-18,86092.75616519764,19014.003630023646,26958.58230372694,12104.183933592032,9429.520370522621,1,1.0256633716556678,1.0081874139386322,0.8058116365147895,0.0,9700.58350291699
2023-09-25,89449.92676972122,15642.626666246022,23388.41648445315,6477.3773060050535,6734.579158758926,0,1.004853877467402,1.2314658566673509,0.8014582251803892,0.0,8376.8840264602
2023-10-02,102130.34325424329,15222.297796997856,19565.764680039618,11100.195361255237,5216.76769556542,0,1.0484322495266445,0.8132734807408252,0.8,0.0,7481.229777222552
2023-10-09,88078.58106227918,15685.553775062257,19278.46748254344,14880.82684838873,2931.0211579782217,0,0.9648973453061324,1.0686260190374512,0.8014582251803892,0.0,8879.065939154012
2023-10-16,68306.45860967327,27601.18910648534,11600.540917705932,16833.555732108278,2489.3913777140388,0,0.9836168926701115,0.8387284128810348,0.8058116365147895,0.0,8729.84242551489
2023-10-23,66452.30371664379,24159.91726636291,23680.51081156788,16491.903322869715,2950.3095406893044,0,0.9803945923433921,0.9528068134210567,0.8129967514629171,0.0,9084.950034554844
2023-10-30,48502.38221255976,20368.861393494954,12358.291750636763,9822.768560539598,6277.6232329035865,0,0.9268242525933941,1.1088950596967366,0.822908794869358,0.0,7197.264787742232
2023-11-06,61021.978106405855,22072.116844713717,10649.475814738142,9621.37403196888,4223.5830514457375,0,1.0148060138532289,1.0064280019095462,0.8354032268212688,0.0,9828.084049996181
2023-11-13,55815.94293423685,16506.785296228492,12132.112636557853,4978.568621464274,6749.895489831435,1,1.0130527636089945,0.8922255222070694,0.8502978503657798,0.0,10271.055614792433
2023-11-20,64986.600923110265,26521.182861062385,10949.631869176643,5410.164009548372,6975.3656558908715,0,1.000255672832123,0.9284696290740032,0.8673754683518409,0.0,9716.151453442953
2023-11-27,48891.21099300687,19103.21751882088,10524.556348986145,4841.090447992973,8196.803472545216,1,0.9882706433312427,1.0679597748934675,0.886387050653769,0.0,10178.373715705571
2023-12-04,71330.52039574445,12480.006851933596,7795.928316339412,9230.300261667275,8790.398638810431,0,0.9292314628974793,0.9269633368282864,0.9070553655912463,0.0,9920.51430291509
2023-12-11,89728.63053022276,19458.049701665695,14718.423431421043,10883.872444613367,2789.4832782464273,0,0.9789677338617321,1.0216458589581976,0.9290790225914928,0.0,9250.400490321437
2023-12-18,69074.13433227173,13802.970611088818,22528.097985900124,13827.662822543754,2265.840836222667,1,0.9828642741736615,1.0045571839903813,0.9521368671424882,0.1,12371.193934588016
2023-12-25,81239.3625457329,11975.793617008485,22549.130181742796,19916.207971299296,5152.027753230502,0,0.9598861365389191,0.9348399652394183,0.975892663948935,0.1,12315.162658451249
2024-01-01,90352.15987566675,27615.620386348324,25414.92036843695,12090.729594966548,6022.837234439476,0,0.9919357144166996,1.2143944089325327,1.0000000000000002,0.1,11365.72225047785
2024-01-08,78768.00620746364,26412.335594773464,18326.11704240563,19897.146194512166,9184.274550977148,0,1.0202025428407269,1.063391902231801,1.0241073360510649,0.1,11921.734834848652
2024-01-15,92655.85066803163,21397.640155516972,17015.985776735884,10541.027441180284,7875.892277988946,0,1.0943092950605264,0.7974857413342393,1.0478631328575116,0.1,12638.746092250725
2024-01-22,93451.33917654281,26989.977602366387,20267.806178638326,7799.225789608863,5875.275426192512,1,1.0087288906415919,1.0186454314769429,1.0709209774085071,0.0,13195.892099230165
2024-01-29,97924.81879610558,23102.03867455954,20011.003012836216,4669.644077980587,5885.982246038478,0,1.0128775195361381,0.9338213535231612,1.0929446344087534,0.0,11611.360136003901
2024-02-05,87105.17809587627,18390.98261110472,22535.359051147956,11162.003376764555,5248.84180850128,0,0.9962777042116916,1.0852433334796223,1.113612949346231,0.0,11857.619299891216
2024-02-12,100221.83009584522,26545.413051958676,9332.638588040118,10273.0865212867,4230.723271796046,1,0.9040614392350479,0.92074792615673,1.1326245316481591,0.0,15029.577738912765
2024-02-19,107324.15185064284,27632.557888050214,20015.704170943034,15304.955705398424,4346.69748428785,0,0.9986743062275392,0.9885263558533101,1.1497021496342201,0.0,12082.195157075961
2024-02-26,120467.47897063394,7702.180864977964,11209.375428419933,24435.536196282148,6600.012034383723,1,1.0030115104970514,1.0504987278980458,1.1645967731787312,0.0,14162.196083061865
2024-03-04,110848.73970915124,15334.716241969538,8504.372356528891,16467.102882301817,8168.156948041596,1,1.1231621056242642,1.0865755194170121,1.177091205130642,0.0,14630.90653243455
2024-03-11,125560.19002748927,8805.116161606433,5180.6286399224255,18386.746240319433,9073.23848655629,0,0.9903819517609439,0.8799703592944224,1.187003248537083,0.0,13128.355695848102
2024-03-18,77784.24999755461,10980.50215402728,2406.168254766717,9890.470724622297,7387.278393757556,1,1.0150773671166806,0.9665498764159052,1.1941883634852104,0.0,15060.194260531318
2024-03-25,97871.12283656132,13320.245002455506,12921.702587717278,8956.10826704676,4749.322879524719,0,0.9982644115147379,0.9525054688839044,1.1985417748196108,0.0,12963.886573845732
2024-04-01,82750.13008607531,15680.046151600902,11251.098006874276,12557.119325430762,3805.8569672768926,0,0.9415660981190234,0.9346670767426288,1.2,0.0,12133.964966339117
2024-04-08,108060.73071251398,23960.393516074255,7672.706403912843,5363.816245160914,4809.763449762535,0,1.057141140725751,1.1765454240281097,1.1985417748196108,0.0,13285.086494111269
2024-04-15,58581.062278797406,22429.120345094034,9819.684911745524,14498.419412528394,2360.3829311460395,0,1.0375966516343387,1.0404981710960957,1.1941883634852106,0.0,11946.376126953559
2024-04-22,54141.719202472515,29293.955121683615,15824.31119996237,14123.255806366411,5553.00996330933,0,1.0395515973521523,0.8739116045664954,1.1870032485370832,0.0,12701.61814894146
2024-04-29,54549.433000466524,27228.939394237623,25718.25996303693,13251.525933779565,5824.205343882056,1,0.954530627260263,1.0917861947054777,1.177091205130642,0.0,13839.28800316385
2024-05-06,29441.239281644597,24110.241031594305,19332.614342675948,18652.505798642338,7043.117234402226,0,1.0701397155468049,1.2122156197012632,1.1645967731787312,0.0,12058.725578468391
2024-05-13,52259.49719282751,17376.70700409248,14961.833245297783,19672.945930355967,8331.89135628405,0,0.929907446860386,1.1032465260551148,1.1497021496342203,0.0,12246.599325782301
2024-05-20,48758.83259473345,15201.6180328579,19787.98160269314,16804.35614811397,5286.64860202987,1,1.0293428546900134,0.8480630034045986,1.1326245316481591,0.0,13957.057004390825
2024-05-27,63555.5819434348,18471.974863202453,18697.209084690785,7289.3258403287,3655.441259861142,0,1.1095227812904989,0.9515765927133748,1.1136129493462315,0.0,11898.93211451518
2024-06-03,68666.66231878425,15024.455996638588,7371.046405497842,6879.662211063014,960.215788530121,1,0.9504731837434656,1.1266911149186623,1.0929446344087537,0.0,13978.060403729152
2024-06-10,94880.10942342236,7170.552783222812,15885.31764082819,6502.161511869728,4705.166786667734,0,0.9716851135198614,0.9292330534381219,1.0709209774085073,0.0,11550.97057190702
2024-06-17,84961.89413191534,13912.790599996855,12973.76477226587,7021.417131224088,5968.226271711605,0,1.004982568254382,1.0443819428146228,1.0478631328575119,0.0,10878.723548533271
2024-06-24,66560.13187931273,20039.150240508745,14626.232481989566,10923.09003118967,9659.095647331276,0,0.9748262172941901,1.0774634053429337,1.024107336051065,0.0,11233.943700486063
